{
	"name": "create vieux",
	"properties": {
		"activities": [
			{
				"name": "Get Tables names",
				"type": "GetMetadata",
				"dependsOn": [],
				"policy": {
					"timeout": "0.12:00:00",
					"retry": 0,
					"retryIntervalInSeconds": 30,
					"secureOutput": false,
					"secureInput": false
				},
				"userProperties": [],
				"typeProperties": {
					"dataset": {
						"referenceName": "goldtables",
						"type": "DatasetReference"
					},
					"fieldList": [
						"childItems"
					],
					"storeSettings": {
						"type": "AzureBlobFSReadSettings",
						"recursive": true,
						"enablePartitionDiscovery": false
					},
					"formatSettings": {
						"type": "BinaryReadSettings"
					}
				}
			},
			{
				"name": "ForEach table name",
				"type": "ForEach",
				"dependsOn": [
					{
						"activity": "Get Tables names",
						"dependencyConditions": [
							"Succeeded"
						]
					}
				],
				"userProperties": [],
				"typeProperties": {
					"items": {
						"value": "@activity('Get Tables names').output.childItems",
						"type": "Expression"
					},
					"activities": [
						{
							"name": "Stored procedure1",
							"type": "SqlServerStoredProcedure",
							"dependsOn": [],
							"policy": {
								"timeout": "0.12:00:00",
								"retry": 0,
								"retryIntervalInSeconds": 30,
								"secureOutput": false,
								"secureInput": false
							},
							"userProperties": [],
							"typeProperties": {
								"storedProcedureName": "[dbo].[CreatesQLServerlessView_gold]",
								"storedProcedureParameters": {
									"ViewName": {
										"value": {
											"value": "@item().name",
											"type": "Expression"
										},
										"type": "String"
									}
								}
							},
							"linkedServiceName": {
								"referenceName": "ServelessSQLDB",
								"type": "LinkedServiceReference"
							}
						}
					]
				}
			}
		],
		"annotations": []
	}
}